<?xml version="1.0" encoding="UTF-8"?>
<project-private xmlns="http://www.netbeans.org/ns/project-private/1">
    <editor-bookmarks xmlns="http://www.netbeans.org/ns/editor-bookmarks/2" lastBookmarkId="0"/>
    <open-files xmlns="http://www.netbeans.org/ns/projectui-open-files/2">
        <group>
            <file>file:/C:/Users/xurxo/Documents/JAVA/WordleTraballoFinal/src/xurxo/martinez/wordle/gui/PrincipalJForm.java</file>
            <file>file:/C:/Users/xurxo/Documents/JAVA/WordleTraballoFinal/src/xurxo/martinez/wordle/io/MotorBD.java</file>
            <file>file:/C:/Users/xurxo/Documents/JAVA/WordleTraballoFinal/src/xurxo/martinez/wordle/io/MotorDocumento.java</file>
            <file>file:/C:/Users/xurxo/Documents/JAVA/WordleTraballoFinal/src/xurxo/martinez/wordle/Wordle.java</file>
            <file>file:/C:/Users/xurxo/Documents/JAVA/WordleTraballoFinal/src/xurxo/martinez/wordle/gui/GestionMotorJDialog.java</file>
        </group>
    </open-files>
</project-private>
